,precision,recall,f1-score,support
0,0.5693548387096774,0.47446236559139787,0.5175953079178885,744.0
1,0.44142857142857145,0.5364583333333334,0.4843260188087774,576.0
accuracy,0.5015151515151515,0.5015151515151515,0.5015151515151515,0.5015151515151515
macro avg,0.5053917050691245,0.5054603494623656,0.500960663363333,1320.0
weighted avg,0.5135324675324675,0.5015151515151515,0.5030777999430037,1320.0
