,precision,recall,f1-score,support
0,0.5854430379746836,0.6135986733001658,0.5991902834008097,1206.0
1,0.5732600732600732,0.5443478260869565,0.5584299732381802,1150.0
accuracy,0.5797962648556876,0.5797962648556876,0.5797962648556876,0.5797962648556876
macro avg,0.5793515556173784,0.5789732496935611,0.578810128319495,2356.0
weighted avg,0.5794963446717116,0.5797962648556876,0.5792945462670983,2356.0
